<!DOCTYPE struts PUBLIC
"-//Apache Software Foundation//DTD Struts Configuration 2.0//EN"
"http://struts.apache.org/dtds/struts-2.0.dtd">

<struts>
    <!-- Configuration for the default package. -->
    <package name="default" extends="struts-default">
        <action name="login">  
            <result >login.jsp</result>  
        </action>  
  
        <action name="loginprocess" class="login.Login">  
            <result name="success"  >loginsuccess.jsp</result>  
            <result name="error" >loginerror.jsp</result>  
        </action>  
        <action name="register">  
            <result >register.jsp</result>  
            
        </action>  
  
        <action name="logout" class="login.Login" method="logout">  
            <result name="success" >logoutsuccess.jsp</result>  
        </action>  
  
        <action name="profile" class="login.Profile">  
            <result name="success" >profilesuccess.jsp</result>  
            <result name="error" >profileerror.jsp</result>  
        </action>  
        
          <action name="crearUsuario" class="entidades.actions.UsuarioAction" method = "create">  
            <result name="success" >login.jsp</result>  
            <result name="error" >profileerror.jsp</result>  
        </action>  
        
    </package>
</struts>